L'Oreal Paris Elvive Colour Protect Shampoo 400ml - Pack of 6,https://m.media-amazon.com/images/I/71gL0EO4tML._AC_UL320_.jpg,£13.45,4.8 out of 5 stars,722,https://www.amazon.co.uk/gp/slredirect/picassoRedirect.html/ref=pa_sp_atf_aps_sr_pg1_1?ie=UTF8&adId=A076476412M09L84YGODK&url=%2FLOreal-Paris-Elvive-Protect-Shampoo%2Fdp%2FB00PIM3IU4%2Fref%3Dsr_1_1_sspa%3Fdchild%3D1%26keywords%3Dshampoo%26qid%3D1606572612%26sr%3D8-1-spons%26psc%3D1&qualifier=1606572612&id=6972242326074209&widgetName=sp_atf
Bed Head by Tigi Urban Antidotes Recovery Shampoo and Conditioner for Dry Hair 2 x 750 ml,https://m.media-amazon.com/images/I/61FXlS78VYL._AC_UL320_.jpg,£13.75,4.7 out of 5 stars,"7,392",https://www.amazon.co.uk/gp/slredirect/picassoRedirect.html/ref=pa_sp_atf_aps_sr_pg1_1?ie=UTF8&adId=A00172822L9QU2ON8ENS4&url=%2FBed-Head-Antidotes-Recovery-Conditioner%2Fdp%2FB00AYXV5W0%2Fref%3Dsr_1_2_sspa%3Fdchild%3D1%26keywords%3Dshampoo%26qid%3D1606572612%26sr%3D8-2-spons%26psc%3D1&qualifier=1606572612&id=6972242326074209&widgetName=sp_atf
"Herbal Essences Bio Renew Aloe & Mango Sulphate Free Shampoo, Hair Conditioner and Hair Oil Set, with Argan Oil & Aloe to Repair Surface Damage, A Sulfate free, Hydrating Hair Treatment Set",https://m.media-amazon.com/images/I/81DNFqaiOyL._AC_UL320_.jpg,£10.00,4.4 out of 5 stars,303,https://www.amazon.co.uk/gp/slredirect/picassoRedirect.html/ref=pa_sp_atf_aps_sr_pg1_1?ie=UTF8&adId=A0590711FSD9RYRI4X9D&url=%2FHerbal-Essences-Conditioner-Hydrating-Treatment%2Fdp%2FB084TLRY81%2Fref%3Dsr_1_3_sspa%3Fdchild%3D1%26keywords%3Dshampoo%26qid%3D1606572612%26sr%3D8-3-spons%26psc%3D1&qualifier=1606572612&id=6972242326074209&widgetName=sp_atf
Bed Head by Tigi Colour Goddess Shampoo and Conditioner for Coloured Hair 2 x 750 ml,https://m.media-amazon.com/images/I/815AB0OPmmL._AC_UL320_.jpg,£12.95,4.7 out of 5 stars,"4,981",https://www.amazon.co.uk/gp/slredirect/picassoRedirect.html/ref=pa_sp_atf_aps_sr_pg1_1?ie=UTF8&adId=A0130556YFQ5RAQVN0X7&url=%2FBed-Head-Goddess-Conditioner-Coloured%2Fdp%2FB0127XF0CA%2Fref%3Dsr_1_4_sspa%3Fdchild%3D1%26keywords%3Dshampoo%26qid%3D1606572612%26sr%3D8-4-spons%26psc%3D1&qualifier=1606572612&id=6972242326074209&widgetName=sp_atf
TRESemme Smooth Salon Silk Shampoo - 500 ml,https://m.media-amazon.com/images/I/71Oc-yxXgYL._AC_UL320_.jpg,£1.75,4.6 out of 5 stars,"1,791",https://www.amazon.co.uk/TRESemme-Smooth-Salon-Silk-Shampoo/dp/B00D3LJTQE/ref=sr_1_5?dchild=1&keywords=shampoo&qid=1606572612&sr=8-5
"OGX Argan Oil of Morocco Sulfate Free Shampoo for Dry Hair, 385 ml",https://m.media-amazon.com/images/I/61-wFudjklL._AC_UL320_.jpg,£3.49,4.5 out of 5 stars,"5,679",https://www.amazon.co.uk/OGX-Renewing-Argan-Morocco-Shampoo/dp/B0097FVTW2/ref=sr_1_6?dchild=1&keywords=shampoo&qid=1606572612&sr=8-6
"OGX Biotin & Collagen Hair Thickening Sulfate Free Shampoo, 385 ml",https://m.media-amazon.com/images/I/719l7nSR53L._AC_UL320_.jpg,£3.49,4.5 out of 5 stars,"4,223",https://www.amazon.co.uk/Thick-Full-Biotin-Collagen-Shampoo/dp/B00MXZJ362/ref=sr_1_7?dchild=1&keywords=shampoo&qid=1606572612&sr=8-7
"Neutrogena T/Gel Therapeutic Shampoo Treatment for Scalp Psoriasis, Itching Scalp and Dandruff, 250 ml",https://m.media-amazon.com/images/I/71EwsM2LK+L._AC_UL320_.jpg,£5.24,4.6 out of 5 stars,"8,593",https://www.amazon.co.uk/Neutrogena-Gel-Therapeutic-Shampoo-250/dp/B000LNEB1A/ref=sr_1_8?dchild=1&keywords=shampoo&qid=1606572612&sr=8-8
"Grow Me® Hair Growth Shampoo, Sulphate Free, Vegan, Caffeine, Biotin, Argan Oil, Allantoin, Rosemary. Stimulates hair growth, Great for slow growing hair - Hair growth problems for Men and Women",https://m.media-amazon.com/images/I/71I+hTfYFLL._AC_UL320_.jpg,£10.00,4.1 out of 5 stars,"4,388",https://www.amazon.co.uk/Sulphate-Caffeine-Allantoin-Rosemary-Stimulates/dp/B00Q59B4UK/ref=sr_1_9?dchild=1&keywords=shampoo&qid=1606572612&sr=8-9
"Aussie Blonde Hydration Purple shampoo, Hair Conditioner and 3 Minute Miracle Hair Mask Set. A Shampoo and Conditioner Set That Neutralises Brassy and Yellow Tones for Hydrated Blonde and Silver Hair",https://m.media-amazon.com/images/I/810QVtJ6QLL._AC_UL320_.jpg,£18.67,4.6 out of 5 stars,"1,006",https://www.amazon.co.uk/Aussie-Hydration-Conditioner-Neutralises-Hydrated/dp/B089TPXLD5/ref=sr_1_10?dchild=1&keywords=shampoo&qid=1606572612&sr=8-10
